1118174.6385176100,135.0634329732,651.4948217907,6.9116096533,2255.8158717335,1105.1254704635,705.9301997317,53881.4763910517,10.6311512624,92.7852498754,1861.1054481487,336.8045746833,740.0537306106,2.4830637608,268.8710224939,1419.2332012523,4426.2690930457,59.5429302348,39.3008528873,18.3884782202,4496.4425690114,23626.8973132762,274.6951353966,967.3514901850,39818.9572984238,17542.6740468747,3.9507123305,22.9010072312,1.7722574166,463.2568580077,13.7740845048,1297.4680857789,116.6766323738,71.5615538264,13.9466981481,10.6109778984,242.9475885778,37.0650337326,11.5272182690,471.9166996666,434.0415860428,15684.7480166345,4340.0464376500,55532.9691330055
481.0272147004,253374.4766242910,1635.6573326554,522.7415304156,982.9699005474,1132.8821781905,5367.2527879656,2763.4036282434,97.6164633693,4098.2960547741,35475.0180105137,578.8803037971,1839.3907916064,70.2400734355,623.1949360802,4580.5639703965,2861.1590600720,397.0493095917,1202.3131443395,4515.9712706002,194.1083278612,974.2316955197,389.0237357833,9810.7269123007,1244.5140333335,847.2686531300,79.8276960735,449.5091946218,91.0496105149,475.2670281358,157.1237108650,1909.6643539499,461.8024385955,2852.8758486665,336.6449948066,1729.1437981819,1126.6106074137,1851.2819596565,1752.1733021018,1471.6918604157,1183.4982467682,331.5985323154,4037.9309658970,13483.9470470638
736.0261317326,2142.6024299944,333411.9148372200,204.5128550079,1504.1865307822,982.6659043202,5620.0642154939,5132.0317999577,198.8440974687,1818.4530007096,36656.3684129426,2593.3287147651,6212.0814557363,113.9825343741,1811.5892449006,28115.4864170219,12909.7213364889,987.5098865515,175.3239240765,1034.8700098101,361.0212165937,1811.4051297697,1901.6575829634,9615.6272260683,1716.0741844194,838.3246168679,416.3623314848,5720.8320276088,97.7154590511,567.5016000554,106.0772956877,20711.3594629455,1421.1817225600,3128.1421883440,1064.8515943034,658.0203953726,1761.1210418009,428.4926160272,287.2533616648,4039.5341946460,2517.8755259813,576.2989265200,12886.5460737705,33049.6431414668
7.6242229238,411.5441238045,587.8997091212,41043.0787489131,31.3500819045,25.4425929230,71.5030114828,251.0377628694,44.3258869139,206.6886134123,1237.1754270701,68.1697930912,375.9779266517,8.3079122399,34.9161665878,498.8618743472,324.2650373411,706.1862173672,51.8213955741,199.7471683833,24.3601159524,15.9868719330,49.4111325347,1073.0854092682,18.3419356145,67.3165778228,35.1591308079,15.7936337690,10.9782903184,27.3503521026,48.8727273907,145.2092094735,29.4280318827,238.6685513815,46.4619376222,1040.9786475347,242.7004518927,81.0379864907,69.6243721702,88.1649071247,1501.9251135345,23.6337489862,199.7561399272,5488.8615238865
697.6016627441,313.6881375497,1595.0812042023,70.2253095735,1528055.0688550100,2639.0712088459,324.6232196433,27643.0539486999,7.5932522189,73.5453096511,5966.8658360995,743.7922915793,2525.4201318562,23.0524017510,504.7476405409,3316.3181186027,3728.5869493931,210.8888520787,130.1385394499,119.7657357116,2432.8654834177,6381.2138528804,167.9943744784,3111.1516472069,6166.3722369274,3866.1740444410,52.9226080017,83.9833523643,4.0778310750,2776.8890046323,2.8442003440,5531.1321415947,1247.3545643764,314.8320253617,1270.8230874794,328.7394093058,1680.7935547485,22.8177110229,227.6407191164,379.6653358352,1027.5903598722,2639.0433444884,16827.4367638067,64561.4109893323
1287.2229514104,255.2240039523,1883.9147091502,91.9739992026,1878.0965598135,1112331.6739176300,977.7957543530,10690.1220339214,10.6732269110,121.6450823567,4614.0217760854,491.1346368126,1472.6616299185,13.3055317555,399.6705520039,4254.0184723705,14059.5369936445,130.9496930930,110.0022063311,304.2153297845,640.3317611393,737.2897009198,1227.2729259995,1414.0831166177,10048.8521474110,3866.3604683469,12.2746307561,141.4254874957,18.5112593984,6453.6329665669,347.5063475657,1820.1826080598,1747.6817398801,251.9232634372,136.5165638704,173.2354480185,478.0127022249,56.9809296137,29.0897194830,1192.3974099168,483.1519639878,1490.8119720450,182464.2177108440,51846.0146995992
1353.2185999142,3758.3328306718,4785.7039609062,90.9881315813,1420.6982047603,2689.7846385135,451304.8703031840,3243.6510988758,61.8743536246,1032.6234473535,24592.4564406650,1599.4233084569,4784.4983160399,67.5010893923,915.7327347544,9688.3927768035,7802.8100736632,531.7168620746,237.3594947565,678.9338092497,358.2792230068,3194.5943867159,3724.1409221727,10456.9870634107,4907.1415129390,1463.0174375326,28.7338704232,5138.1504952492,97.3230679355,826.0043380714,59.5239025229,3978.0962201917,855.3778877428,1261.2089283689,752.4159775202,234.3309523274,778.2797864783,222.4388414296,164.5885017391,892.8399491910,992.9853375212,757.1720952100,13876.2856777202,44704.0526299622
16547.5535175508,1360.7276863498,6640.2532387149,221.2092146480,12665.6849123412,15180.8786725944,2532.7930359377,11031571.6577179000,179.3080668646,4926.7325274667,35298.7602425198,2602.4592414615,8140.9539702216,317.3978063741,4117.3684939358,18427.1329683410,17761.2077885300,994.9565962081,256.1936789184,4309.0258888743,12876.7436378128,17057.1106034753,1563.9117877941,15662.9639233008,50694.9217983498,47512.1146840025,259.9544613511,307.5082747953,174.7987129104,15816.7073790361,251.3346804492,14816.6195120220,1481.6242143825,5233.8926758339,695.9007703202,1026.4167027766,9157.1108498073,1114.7587537961,472.6352737624,5316.6958091181,4907.7578025369,19396.9407052635,71723.8959678567,338979.2275942600
4.5607700831,58.4145054131,75.8513310936,52.0300221349,0.1876055396,25.5998920374,12.7493852960,8.9202743829,12882.3941798377,50.0891392617,214.5571893087,122.7486618113,17.6125499037,137.3954562003,8.4702268235,53.9653045961,246.8366617288,816.4969803447,19.8968955915,186.7930795620,1.2027763868,4.0328368605,382.1709914456,156.8032984899,2.9582043233,11.3174237516,3.4753910373,100.5820084312,10.5574772430,0.1942089083,892.5146085572,143.5837617298,4.6271088070,124.9739386589,4.6086909271,60.0168533808,131.4706681446,19.7017039238,10.4563113454,61.4323868958,6.8407729710,0.2505497490,86.6518595689,1603.5992869522
164.7850774335,4448.6510192567,2345.0182263616,251.7129982331,317.7208879341,217.5151412674,1181.6251601431,962.6310224625,72.7588557414,199432.6010020590,24505.3145783031,694.3066483868,1863.8112653914,76.3998676803,456.4748672506,3861.6347889554,3017.6085999904,123.1316172781,246.3532934344,2209.0089546306,55.5374273937,759.1859704013,340.7874685529,3205.0429727224,352.4602066956,265.7002606246,120.0009555682,217.1486457649,71.0611841612,303.5004269722,15.5435403506,1737.1889235377,361.0134200216,5224.4604941484,181.0518968588,757.8507653665,2152.9812154222,6092.3130376506,464.3922842630,1181.8151743594,794.1875649424,83.8492702473,1711.4973077968,7193.4243334586
4919.5130982489,41832.5356343731,25575.4160283270,1481.1865904708,9861.3024829427,5814.4798304894,33601.0573897420,41036.5793220482,465.3325849456,25144.7110780376,2442643.1698092400,12833.8581350948,28443.9036748128,828.9091091871,8547.2722086479,67932.6934027619,46173.3509387606,2781.5941939885,1413.0177284712,14763.0564085196,2043.1903857038,9380.1932372605,6528.4510056425,46138.0528996274,11337.7498327164,9636.2337778482,828.7794861412,5951.1413241410,473.0242381154,8941.9441082493,1116.3157004291,37792.5289748719,5476.9803057909,31243.4758632607,4788.7938480995,5167.2934126749,16724.1092259980,7241.8092909755,2351.7529571089,15513.1113179240,12028.2783247955,5765.2837458392,47911.7399246163,119163.0460073860
469.6956338067,414.9606504408,1832.4687898750,156.9972316839,386.6576241074,1273.8605725602,676.1817683981,1942.4625644132,43.5444390494,410.0506371814,8386.0173989967,176426.9664619260,1277.0572216359,121.8333332769,1504.0124591715,2500.0208154124,4981.0427388385,237.1127752500,72.0991588352,469.5875343175,321.1876743125,832.3464784497,898.0812457682,1361.7897752789,2426.3160551094,569.4730960608,161.2205846606,138.2009103030,133.4249793544,260.4733234738,65.7079210575,1787.4962035500,4226.2111373272,1388.4694052424,180.8651729821,122.0349581817,668.8819043930,155.4494379366,58.9948201537,9380.0829856213,761.8907741100,164.9053426564,3373.4423565279,24166.6666203468
759.2545346457,1144.2163671429,5746.5782654898,281.8292126625,3274.4569629891,1230.1509945438,2744.3125864966,2561.3459719636,112.4398217512,1464.8843823546,17622.4785114315,1629.8622938322,1124906.0350272900,44.4166228659,581.4848456403,26167.9135325423,10161.5103655265,981.7821033702,126.7819886553,860.5229870682,291.2402326830,1102.2859495785,1306.0433048659,13275.8918397281,1236.7687795965,790.8626152776,129.7717202392,629.5600963551,44.8557147816,2402.4694382209,85.5646736215,4794.6872237966,769.3588584075,2423.6536558116,12772.5117011329,759.6369257540,1360.9554982838,340.6942887258,312.3883445387,1813.3352601760,3667.2105038486,471.4011529963,7984.9687259500,42620.8628863673
46.3681642322,65.7628199146,126.3707708702,13.5847357981,28.9032874213,21.7370984158,87.0981359415,83.2435800037,57.1638799903,37.7996023057,452.9841200080,257.9462082239,35.9867474014,13342.5111700802,1371.5882593520,142.8769328405,204.9675515018,15.9976898039,3.1918526237,21.8263339825,1.0981440952,38.9303767350,42.6769576884,89.7941227508,65.2550637531,54.1962226924,224.0900516344,87.0942758601,431.9820954903,7.8519612194,11.8999336908,220.7781917141,389.2579673517,134.9156707657,7.9150534390,8.3247276259,428.8415744313,17.7491128719,7.2774011802,1247.1026872717,15.8566387047,5.8041736588,156.6459391263,1533.0172015151
642.4164867686,413.0875681119,1319.3888755754,51.1716664688,520.6827897235,627.3245721389,574.1677097867,3773.4550631182,26.7807697714,303.6067285960,6328.5752211233,1338.4141385791,1196.0102863057,951.6532254880,180850.3817113230,2270.3286681270,2619.3769660032,194.2937400668,33.3964609376,272.3313063241,305.3848379586,1313.5261785507,488.1352583612,1730.2465736866,1098.3293842644,579.7356110931,172.0732860277,79.3231390401,238.7739520318,196.3562147108,70.4259848845,2449.1747368719,1671.9437963229,1372.7205524436,137.5701241357,126.3156666108,2606.6951044408,114.6676967378,78.1535052555,6194.3732639960,660.1056382804,330.2067425621,3446.9095157182,12690.2997358381
1772.8153989545,2966.4683745777,22701.6134962235,445.2226778325,3795.9394195657,3063.1889242090,8058.2648590647,13167.6642065669,215.2915007625,3062.5973074599,49413.4413052347,2223.2289043212,26112.6404894969,110.2995792867,1901.7728954703,1782813.8583087400,28324.7237061874,1459.4717940176,234.5892940355,2523.2597023669,1176.0323250712,3954.9132624967,4632.1435228733,26749.6865504459,5030.0318028128,3276.2359549051,145.8010625203,4579.3729031068,152.8290986767,1959.3420933085,886.3305078580,14105.0967241062,1288.5688322852,5121.1794318236,2861.3734025225,2056.9017889967,3586.7796581935,1969.3730559621,853.8902988379,5183.5212800516,5296.9149591829,1970.6698265349,19461.4212404807,84007.4556116668
4284.9054811438,1820.6940770435,11685.4689516696,240.2001921645,2355.6100303744,15004.5316588191,6617.9514245290,6133.1034713732,398.2374927774,2029.1452976138,41222.8074787884,6196.9960539634,8405.3128926021,133.7003330753,2307.5378254176,27190.1747534473,1613372.1987187200,1818.0347185251,264.1980591912,2343.4491175079,841.1418557694,4388.5672737976,22283.1335496004,11912.5844242193,7605.0946530190,3194.0052062198,189.7915836571,14261.5610199631,153.2154752801,1523.5891773435,807.7372393772,17603.1817320205,6019.9260746849,3430.1480449481,2068.0430254709,987.8418168095,1858.9297376387,440.1320475167,240.9321940651,6614.6777459770,2484.1142096083,1392.2685751205,46207.4207506637,106118.6211376630
43.9187209842,146.3628327988,408.9747503896,784.5579238592,70.0102216749,135.3227250320,246.2261516954,336.4217778887,553.7568696834,96.0335612787,1903.2305498804,336.3452702024,581.2124117015,8.4070478074,48.6551484310,551.7937920482,1841.7803035209,153371.7279654400,56.2911380334,45.2741833515,63.9081273085,168.3373622568,117.2740196416,1557.7452815328,749.2463597864,86.2182197472,24.7526982741,61.0998438877,30.0430723831,42.6108719727,39.0448870177,395.5605487057,82.8676123748,188.1784084751,55.8194217911,730.3046945283,138.0103306065,26.6364386472,63.1997145704,162.6824322312,2269.3339579455,33.7944400804,690.8444772654,18894.0055431339
4.0281268467,851.1849483624,411.1975402372,67.4608339026,21.5161001906,51.0656755644,143.2837407723,43.2991392131,18.3598729727,138.4234781949,938.0710669960,93.2479448125,109.8523196135,3.3455001320,40.6689004938,247.9838830516,431.9489335190,64.2459217249,34603.4566698579,329.5921235498,5.1444712342,60.2177278038,83.6214927553,1618.5604898373,8.8372634199,22.4136572536,8.3029146307,28.7975204559,9.4490580634,7.6212561711,44.2074418736,178.4736171734,102.0654270131,121.1514670046,11.0908386578,58.6341923906,29.4990058598,105.7110879420,864.9017518432,167.0363819823,166.4430935446,5.2300505364,203.4814127034,4817.5392246309
121.3659167168,3302.9799357147,896.1820506884,260.2374892957,224.2070388561,208.3716890795,470.7758050801,1509.2010785536,36.3730312090,1993.1904375361,13507.2736990734,298.5458596670,1507.2467815107,41.3525439609,286.6169758319,2068.7518202287,2482.4516494744,204.7968058025,455.7968157825,76165.0026146714,26.8132944339,101.9898530173,311.0885497397,2985.6419447003,300.7748526929,452.9241212906,45.2571236040,199.6991970519,27.8566005918,291.6722278147,13.6775917849,1149.5847213880,111.6640802060,2069.8351511688,174.7567632057,3254.6440028953,1231.5688923942,2058.1483284216,408.6370221827,641.3407023608,712.8758044029,54.2527604137,1451.4138962756,4957.1531127059
4837.2992537060,47.3429623709,402.6165413512,14.4556341398,1882.9691187913,599.6677651101,71.7945719782,16175.3719196853,8.9270038650,138.3397199239,1771.7218579681,174.0254733188,1457.4669835715,23.6314966142,84.9138512434,668.0477647067,909.7998917502,103.3823178574,19.9634530127,65.3399676476,587610.6012642820,6331.8275676674,72.4072351201,1290.2834525534,19516.4193268517,10513.6639204134,10.2922265912,13.0259957118,5.4690578066,631.6049482345,2.0005989109,2529.5203859496,60.6663459384,183.4569630103,72.2192962846,26.4223452335,550.8742133433,45.7381262301,85.8307655135,86.4646012923,988.3156441529,7063.2233233878,5403.5500348374,54428.2488678031
1158.9983896525,271.9481180535,2059.2388417025,48.2927907579,3885.1875701942,826.6127260318,494.3872579104,17131.0723299024,23.9945615854,250.0621038193,4687.9376782901,632.6423289034,1264.2241722865,22.5194733342,1354.4998998206,3668.2908190433,4846.9440551379,260.5631257562,70.3476594534,161.2230396425,2515.6148883110,1364012.2817918200,158.3151346270,2758.3273297393,3561.8964394966,4043.7323210288,21.6340051593,22.3748274157,55.3550172379,873.8443988229,119.9840986611,2340.5344439578,202.6459642778,499.9817132942,238.5425083065,310.7593949733,714.2310539212,30.1980748735,91.1444869811,835.0138987475,2484.5100045300,1841.9765194627,15843.1275136056,124498.5869548520
755.4469950876,638.7779387956,3688.9904918696,48.5027939344,854.6344505262,1384.0134302028,6512.9645783753,3047.1580181951,26.4344707957,504.2278667092,7624.3389968513,966.8147980456,2752.3135178184,28.2882631661,700.0805602550,4178.4016067683,14636.9037411653,187.7066162090,49.9298717985,562.3351209028,81.1736078264,457.6153274323,121020.9710241580,4265.6363487492,1680.3259912875,583.9506474872,18.1762619635,1649.2146850894,31.7235114122,510.1431833234,121.5337119770,3647.2566663810,564.2368028296,777.2438067994,389.3617618034,177.9755642326,241.0492729239,45.7838065027,92.0811624796,1368.2801397229,905.7616587959,324.3294242479,22600.1580725287,38297.0526703625
1787.9127607566,6390.9542495559,6012.4311719760,887.9509609154,3474.7126026397,2170.9944179637,10596.7564377532,6901.7184635930,370.4022140400,3067.4121744817,35069.7995804051,2325.9248329114,17709.7685006167,183.2390375721,1448.9843395854,32750.6661718675,14654.9550799113,3907.0783174906,1727.9268190323,3029.8777138113,549.0257131810,2623.6396217997,2981.3466347307,1812998.2850090400,2804.6531609268,2558.7491311151,205.0301699726,1873.4063831958,178.0851203992,2644.1796276246,540.6643331619,4908.9670929690,1321.9429119599,7032.3627549131,2225.6144242055,3839.0245525766,3915.4410899838,1604.9702036985,2205.2736916079,3272.5512905571,7081.7102242760,960.4706284701,13075.1145537349,50540.0756585771
5738.2920777261,541.0294644045,2724.9470907407,37.5429668613,3664.3245958217,6565.6830793008,1316.5540577393,89368.1818810058,14.9381681217,1247.9741185568,11559.4328792597,777.1060315342,1576.8573330611,30.8727559313,363.7279640099,3961.7577893972,9187.3806826115,163.6853739123,20.6636621989,1336.8492958513,12100.3070497229,4932.7698755217,998.8815890206,2754.6651315999,4367544.9084429900,47693.9065990298,12.9296424150,394.7181224969,12.3039398993,9142.5794337980,19.9610595914,4949.1451053493,525.8855933111,1322.4208852255,206.5299074323,139.6550409179,2068.7457467169,437.0107812677,39.4354234761,1104.1069408625,1213.9682293209,38263.8780478636,44234.6717704933,184332.4720089590
3605.9997229281,475.2463137016,724.4486676719,76.6153621257,3976.3699695474,2671.5942724405,202.0823690556,79132.8860896689,16.9459394289,997.9661653549,5080.9884195140,190.5758659992,1073.6099960546,23.8534450045,530.7123043251,1359.6214123687,3652.9415124453,118.3333646902,41.5422574480,2277.6095039673,7270.1104087896,7017.7121536312,229.9912221953,2236.4449525232,24138.9597337537,1233104.9727105600,51.7247096062,37.3912253592,25.5719875558,8840.2809424698,175.3979706143,1529.6611204211,275.7479913797,2858.4041767800,124.1885435456,348.8445524423,4709.6595181146,2499.9876681804,122.0766358499,1405.6675789626,2174.5092984848,13334.7924253334,25559.5337452485,85806.3310748384
14.0334799637,110.4606645900,271.9194721162,21.2632752853,17.2881091817,231.1393170957,56.8220456837,25.5806648955,27.0497287623,70.1353059083,1297.7237081751,472.7751250269,113.1158144262,394.3819729105,151.1036942197,683.6864623795,546.8750156773,13.0991778413,7.3291133509,60.3494307327,9.8961857936,86.8040084026,72.8798515866,200.4337680120,3.5766864534,12.6457373628,18685.7804439305,13.6592500640,784.3779518569,17.7723762953,3.8569105190,491.9401047063,322.0342257331,930.7527625930,28.1041899640,18.6246074273,625.0629653974,32.5721344755,35.6298163111,476.8942628385,76.9673382598,3.7341266921,495.9835680749,4301.5411737598
35.9485655466,470.7622252792,4289.3052102821,53.1340233543,32.6331947072,103.8859571665,3589.4371239769,295.4039382111,275.5795040320,283.7256140057,8107.6408991873,532.3476165247,571.7604125179,39.1007737046,336.9240666000,4425.9422973911,1393.6104054433,411.4503114688,21.3702305875,172.3415041112,3.2834730286,17.7119052882,1822.0533732278,3054.1229777581,438.7158018608,23.2684588367,20.1939872845,43978.2431440522,45.6913587833,51.7920874017,1790.5578595107,4169.3223831694,211.1257903875,401.4358442581,214.3353343738,69.9097676769,315.1704098726,123.3195065652,63.2950470936,699.9650749134,58.1350052943,182.7101377346,171.2050152319,17340.2140393383
2.2652459560,66.5593052254,85.6810786882,4.1065573460,1.0884841733,13.9281225529,157.3991399014,24.2877943653,22.1222067455,39.5981527279,492.5119619117,329.5069983717,57.5521064840,460.9277260020,321.7238475494,128.2804872128,325.8833149816,30.6226599477,1.7167760025,26.0222740573,1.8582884541,52.8336260777,34.9499794727,118.0790067635,40.8622528943,12.5752222786,388.0470636061,21.2397163441,21009.8491328773,1.3239055056,3.5818621477,150.8472699965,201.3952717066,238.7642299038,4.7168142538,31.3221442569,246.2930468661,18.2034802435,4.2724502007,525.3497365912,23.8722227728,1.2631249532,85.9132962216,2433.4685707284
583.8302179467,55.3072203740,546.7150874696,0.4227412923,2177.5195846914,7349.6487786736,434.0487283323,4304.7980775560,3.6604783054,113.4819987662,1342.5698438046,59.5916099513,3552.2768582825,1.3346990751,60.8354968119,509.9495815094,1591.2572501686,7.1009345627,4.4652750318,147.8498853894,100.6810598635,1039.2598453780,164.6738811412,615.4311579284,1439.9832215897,1067.9155110448,51.9704645174,9.3811086376,1.4048252199,528316.6522193890,0.5628668323,519.5760333929,87.1870425216,107.6669304909,187.5584086352,15.9892423131,39.3778709436,29.1126204084,4.9487441039,99.2093923004,182.2513645914,373.7889773009,100762.9616297410,12247.9666402160
3.8083133836,398.2666722514,140.5699099267,28.9799295193,14.2514702259,78.2033230596,83.2530138726,96.6663972833,31.6275314577,106.6899252852,1450.3990401598,70.2861330852,55.6625366611,27.3674584354,9.9119426304,167.8211630802,1054.9195234867,67.9254901264,53.6590643417,33.8132191262,1.2040335745,5.1301369621,29.2359956604,544.5087366877,14.7035948926,20.8173368936,4.5740875564,136.7115264642,5.2170057774,30.8556696519,5391.9159021394,204.1862687407,169.8821870268,57.0962124558,10.1021434327,71.9534582706,3.6087638676,7.3409854644,1.3499527704,338.3313659842,52.1528182965,0.8367343358,126.2845129286,1075.4520830850
1281.4560227530,3134.5937253680,34669.4951968178,347.7683489342,3462.5245790620,1362.2105165994,5027.7037126372,8260.3043423914,142.4948161114,2505.1899499221,58369.9297257751,3436.1955836029,8420.4681429857,178.1817750232,2564.0705615136,19467.9435044508,24272.1463126775,957.3212402004,225.5038686891,2438.4998197510,845.5586321258,1455.1457328850,8542.5205973802,13515.4260650110,2191.8430160336,1465.4850112759,291.5778628777,1545.1491934708,137.5699078118,1326.2497648753,158.4570968867,501451.9118784890,2773.6122506384,3860.3911381459,1619.4907337687,829.4049724101,2053.8118473299,687.3300894333,375.1066644694,4412.1325026199,2442.9113855250,1112.2420432257,17092.4402583952,55451.6789931473
171.3967952646,736.7135510550,2130.8040151352,12.6831374912,1595.0727039750,3515.4467225938,283.0637842461,1791.6555318644,9.1039087672,1054.5773904252,22569.4536612457,3085.5795836532,2183.4128492734,99.8865083794,1445.6386788401,10164.0503220676,28867.5053822493,267.8616181349,31.5620108042,52.6376602579,128.9264066428,749.6845824044,1660.1950705667,1953.3686050252,1271.9000292672,1744.4532080506,54.4925050908,66.9694601981,40.2717026947,148.4375753216,30.3366695277,8765.2855510449,232574.2260818490,1531.2028869036,600.1198181044,44.7529923133,1857.9176078640,33.7266654303,20.3534796708,8902.5280650682,583.4314736043,505.0498007974,4910.9471553706,20775.8485826224
163.0116239790,2378.7944814375,3574.1147824642,310.4303965468,438.7069238795,966.1971461158,1448.1368554602,1802.0761926065,100.9507136417,6940.5244783341,28908.6433375952,2667.3096393972,2850.0094274578,426.7823227944,1033.8226825449,6612.5426569595,5993.9910442765,346.0710266186,195.9499195990,3396.4094334478,53.5013451623,446.8283556191,926.6023040654,5821.7047182422,398.4091699952,504.9734690706,859.1945833552,317.0767447560,341.8713745874,266.0320711997,122.7899649204,3387.6655006169,1398.2465135068,393849.4030911550,188.2201897664,1602.3437647248,3161.7159279294,2441.8132823124,398.8232909970,3343.4435529549,1452.5099812027,179.0832035721,2086.2224144764,13781.0521027650
75.9861917355,212.6741604349,942.4792624487,60.5483734178,772.6376497674,206.6961870433,455.3208310491,217.8520125071,20.7359520184,169.4336476169,3093.4783190491,207.7642553195,7403.1212535447,8.8148179345,282.4391629055,3420.9672863745,1925.2616311807,77.6728249441,12.4521231918,96.3082602570,52.1903247046,32.7117862031,282.1907290597,1450.6586146362,72.3474586909,41.0741072730,8.1261825667,55.3686028373,7.0598847802,271.2779307721,11.0540931019,838.4283589532,136.5054684112,239.0996345877,166176.2043402560,129.7169850687,87.3402112141,59.8588099125,18.8125698393,438.5925223223,284.0362830764,64.4388547503,1372.1851718430,11552.5277627453
19.7261033246,1418.4094589590,748.7849943133,842.2785288113,69.2717938789,333.6325329791,454.4677333364,322.2225698837,91.8494081718,475.1457738440,4525.5597223588,110.4070237945,724.9859830117,8.5176287052,91.9775847283,2178.9071020674,933.1387509073,455.6391665313,66.4987039480,1481.1584330180,8.7365812655,201.8013514735,144.0052172990,2740.5893226308,122.8962456166,116.3987039773,9.6354617903,400.5151310810,11.3548262837,46.6640307935,10.4981384507,703.8471010842,238.3076398804,654.0348742614,94.3156847778,131069.3444699460,648.7481482530,226.0188379980,151.7827920894,247.1908886285,2462.1397613129,17.3336272921,669.2957503890,8183.1714142776
315.4339857442,2488.4690662753,2803.5754670785,3967.8059448403,1370.9418205878,1280.1251341994,2198.4922492103,21115.5085104890,405.1046460212,7068.1675080877,33579.8244327510,1317.2157105641,5140.8796458495,566.7631326715,9711.7693469241,10572.0297576329,5854.2947213529,4114.3832523905,1205.4131343199,5868.8013450662,683.1405229004,3108.3746436527,183.3062350886,18930.1175328443,15675.6419280214,11291.7319498202,4759.2152331196,40.7095353902,1112.8245707705,317.3811701976,47.1764956975,21772.6074098579,1562.9394181779,17264.0869023588,226.2609743265,2393.6055799538,1166734.7915523100,5436.7745247545,81.3887254734,4993.1114899565,12516.3450400901,2570.8356903762,14198.1722585832,92143.6572176504
22.7574322940,2802.8015165622,499.4096122617,85.5770861062,71.3276111035,46.0868540671,189.6649551184,210.2465031054,17.8816930006,4695.0757915369,6673.8739185058,313.2570284016,544.9327657941,12.1943157492,93.5359465402,1409.7192823761,520.4227325436,67.1235045690,100.1717168288,2227.7690691826,4.7982526595,34.0897842285,39.6145349374,1505.4649931055,34.0241989658,51.3476448210,65.0791395144,68.5065918463,34.1918621116,45.1672405209,6.9766239926,481.7574730996,83.5688339748,2330.4442439454,48.7368177360,463.7035584369,2683.1986495882,71170.9301491331,272.8326042166,386.7251954796,380.9128589587,9.8703459961,219.8828498113,3117.3252218395
21.7711158538,1361.0691003852,328.2887901947,62.6854845860,36.9960878736,26.4910643026,244.6410221888,88.0791675025,6.7705138779,323.9449771773,2823.2145418661,126.2891680538,190.1598465797,17.9347438564,51.7788532222,673.2191105063,426.2171908574,54.0622124826,771.9724441430,441.8772763857,10.6525491323,65.8129244950,24.9646335360,2006.0909427975,24.0823238281,48.3147238789,13.5555857349,45.6693863524,5.4986381804,41.1420308629,3.6670382264,234.5439260441,36.1526960744,402.3906459304,19.0787095731,137.7243382669,245.8964687480,207.9897305803,33435.1930600291,134.0241404390,230.0413427453,15.0810543437,164.5491147518,3113.1456377301
1229.7744327389,1351.8539890175,4605.3815514032,93.5303757275,1379.5167058340,1220.7692661570,2004.8517015519,4841.4844946097,76.5609941879,965.8935158289,14303.9776007202,12956.2039856207,3104.1784481124,964.0227130730,6859.0790836739,6455.7211209047,8335.6727985720,346.8474613048,80.7149229010,668.3301688734,480.0366396781,1508.3658084684,1082.3528045313,3820.0957231365,1495.2406704630,939.6493752564,346.5803528821,279.8347965203,216.0519053315,739.1077753849,245.9108315876,6211.8227997170,11902.0144970796,2757.7373765024,378.7396183691,229.4146083055,1357.7212016489,271.1003642716,115.4830450624,316439.3876007570,1078.5147395489,754.7337274517,7346.7093669177,20412.5092625515
223.7898163392,699.1947790844,1573.8738561064,1177.3006638572,1003.8086918107,482.6923504843,659.2120829347,2608.3167098310,251.6944851948,521.5721722841,8235.3357184315,811.1662441910,2210.7297863235,43.3642111614,260.1901488478,3467.4101596687,3521.8214930984,1337.5470209673,181.4460873178,427.2571832495,465.4133240512,830.1016755629,263.1630124641,5385.2493355178,313.8203030606,768.3281200828,55.4425088102,63.6579736244,26.0564546760,480.1567424593,268.0470674162,966.0838095507,212.6908677670,1089.6089578712,295.8354357817,1941.8407701887,6224.3715009820,211.5979481813,141.3173134050,550.7298276462,548605.7093747970,212.5656941376,3048.6676886551,44893.0863626933
2467.3910227888,331.3168479336,526.9713363548,47.4790607281,3559.2695251421,3562.4971839035,250.3502160650,71907.6027603785,20.5051826775,651.4869364032,4871.7329664935,367.2533563784,1367.2047650544,58.4208751717,249.9841475882,2480.4069579012,3223.4058964963,137.4509527805,81.4039781700,914.1895653273,2659.6246336287,2224.7736668651,236.6292438906,2132.2938767590,16307.8836657200,10030.5568040531,24.5635752960,12.0903869521,15.3909011968,4706.0206887408,27.6762171746,1026.4169736869,359.4919698220,1011.9991438159,143.1767725292,181.5775426652,573.8609343982,460.4666887049,40.2466387490,498.4080631970,1137.3548661545,403386.7916605720,16249.8997795754,74609.9061581174
12064.9426959991,2341.9888671613,16462.3489185422,200.2496635202,21485.6729751255,151739.5831262420,7134.4069903747,51094.2320027459,92.2592627507,1515.5694067711,42476.3716748854,5057.3599863314,6446.2542347259,129.1014615617,3403.0498373977,26672.8114435616,31118.8215425507,3178.2643825718,406.5159358323,2396.2123031044,4001.0040314095,16349.1395949423,48678.2713690584,13012.6394218818,41206.6769612969,25332.4179160013,91.0669346635,8778.3585503974,115.8701362694,104719.5709057180,211.1265060634,23239.8633119817,3624.5421101958,2348.5595869023,821.1257511141,574.3205824581,2523.1242717176,219.1537197938,292.1104223369,7054.2919076658,4967.4533485904,10497.5108788139,9984838.9967287600,315165.9366599440
59364.3338228093,10352.3150910669,25672.3930347803,3014.7108327209,69029.7079784687,44132.0280027307,10686.4887205767,453775.6348644270,1006.7896655491,6068.9919142844,67550.4104458255,13773.5375912220,57039.8956102768,748.3313202505,4600.1196328721,78646.2996901849,59560.5063063748,12509.9753490213,2460.5135188654,6301.8991371113,53668.6872090736,144133.9468571330,19827.1792830751,79301.5606420186,219372.9611733090,135887.2287999650,1501.2983261144,4838.0345270648,840.9207145915,25617.1569156934,998.4941512348,52335.0482549563,9457.5937133901,8806.3663694405,9553.0778504237,4997.3297260737,18420.9080112329,4592.5351496866,2295.3158909786,7246.3939881738,39070.4468170801,74945.7262980406,350791.4179274240,8426374.4411889900